cell_id,source_cycle_id,elapsed_test_s,voltage_V,current_A,temperature_C,charge_capacity_Ah,discharge_capacity_Ah
LFP_SOC30_M2,,37570.62,,,,,
LFP_SOC30_M2,,41089.14,,,,,
LFP_SOC30_M2,,53815.2,,,,,
LFP_SOC30_M2,,57035.16,,,,,
LFP_SOC30_M2,,65522.88,,,,,
LFP_SOC30_M2,,67723.56000000001,,,,,
LFP_SOC30_M2,,69854.45999999999,,,,,
LFP_SOC30_M2,,71737.98,,,,,
LFP_SOC30_M2,,73544.64,,,,,
LFP_SOC30_M2,,75355.8,,,,,
LFP_SOC30_M2,,77251.92,,,,,
LFP_SOC30_M2,,79099.73999999999,,,,,
LFP_SOC30_M2,,81045.66,,,,,
LFP_SOC30_M2,,83037.18,,,,,
LFP_SOC30_M2,,85041.48,,,,,
LFP_SOC30_M2,,87090.36,,,,,
LFP_SOC30_M2,,89121.72,,,,,
LFP_SOC30_M2,,96778.31999999999,,,,,
LFP_SOC30_M2,,97601.76,,,,,
LFP_SOC30_M2,,98295.72,,,,,
LFP_SOC30_M2,,98870.04000000001,,,,,
LFP_SOC30_M2,,99359.94,,,,,
LFP_SOC30_M2,,99793.8,,,,,
LFP_SOC30_M2,,100194.78,,,,,
LFP_SOC30_M2,,100555.20000000001,,,,,
LFP_SOC30_M2,,100888.56000000001,,,,,
LFP_SOC30_M2,,101199.95999999999,,,,,
LFP_SOC30_M2,,101485.56,,,,,
LFP_SOC30_M2,,101760.84,,,,,
LFP_SOC30_M2,,102018.48,,,,,
LFP_SOC30_M2,,102257.28,,,,,
LFP_SOC30_M2,,102482.45999999999,,,,,
LFP_SOC30_M2,,102702.54000000001,,,,,
LFP_SOC30_M2,,102899.09999999999,,,,,
LFP_SOC30_M2,,103092.54000000001,,,,,
LFP_SOC30_M2,,103272.42000000001,,,,,
LFP_SOC30_M2,,103446.18000000001,,,,,
LFP_SOC30_M2,,103609.79999999999,,,,,
LFP_SOC30_M2,,103764.78,,,,,
LFP_SOC30_M2,,103912.92,,,,,
LFP_SOC30_M2,,104052.78,,,,,
LFP_SOC30_M2,,104188.38,,,,,
LFP_SOC30_M2,,104313.18000000001,,,,,
LFP_SOC30_M2,,104436.18000000001,,,,,
LFP_SOC30_M2,,104552.76000000001,,,,,
LFP_SOC30_M2,,104663.7,,,,,
LFP_SOC30_M2,,104770.86,,,,,
LFP_SOC30_M2,,104871.9,,,,,
LFP_SOC30_M2,,104969.52,,,,,
LFP_SOC30_M2,,105059.76000000001,,,,,
LFP_SOC30_M2,,105149.22,,,,,
LFP_SOC30_M2,,105232.73999999999,,,,,
LFP_SOC30_M2,,105314.82,,,,,
LFP_SOC30_M2,,105390.96,,,,,
LFP_SOC30_M2,,105467.28,,,,,
LFP_SOC30_M2,,105540.48,,,,,
LFP_SOC30_M2,,105610.5,,,,,
LFP_SOC30_M2,,105678.72,,,,,
LFP_SOC30_M2,,105747.06,,,,,
LFP_SOC30_M2,,105812.76000000001,,,,,
LFP_SOC30_M2,,105876.72,,,,,
LFP_SOC30_M2,,105943.5,,,,,
LFP_SOC30_M2,,106006.98,,,,,
LFP_SOC30_M2,,106069.62,,,,,
LFP_SOC30_M2,,106129.31999999999,,,,,
LFP_SOC30_M2,,106191.59999999999,,,,,
LFP_SOC30_M2,,106246.74,,,,,
LFP_SOC30_M2,,106304.45999999999,,,,,
LFP_SOC30_M2,,106359.18000000001,,,,,
LFP_SOC30_M2,,106408.08,,,,,
LFP_SOC30_M2,,106456.8,,,,,
LFP_SOC30_M2,,106503.84000000001,,,,,
LFP_SOC30_M2,,106549.31999999999,,,,,
LFP_SOC30_M2,,106588.98,,,,,
LFP_SOC30_M2,,106631.88,,,,,
LFP_SOC30_M2,,106668.54,,,,,
LFP_SOC30_M2,,106705.86,,,,,
LFP_SOC30_M2,,106744.5,,,,,
LFP_SOC30_M2,,106787.4,,,,,
LFP_SOC30_M2,,106827.48000000001,,,,,
LFP_SOC30_M2,,106867.32,,,,,
LFP_SOC30_M2,,106910.04000000001,,,,,
LFP_SOC30_M2,,106954.62,,,,,
LFP_SOC30_M2,,107000.1,,,,,
LFP_SOC30_M2,,107048.81999999999,,,,,
LFP_SOC30_M2,,107095.86,,,,,
LFP_SOC30_M2,,107143.14,,,,,
LFP_SOC30_M2,,107189.64,,,,,
LFP_SOC30_M2,,107234.04,,,,,
LFP_SOC30_M2,,107273.76,,,,,
LFP_SOC30_M2,,107314.14,,,,,
LFP_SOC30_M2,,107351.46,,,,,
LFP_SOC30_M2,,107390.22,,,,,
LFP_SOC30_M2,,107429.04,,,,,
LFP_SOC30_M2,,107468.87999999999,,,,,
LFP_SOC30_M2,,107513.64,,,,,
LFP_SOC30_M2,,107559.48,,,,,
LFP_SOC30_M2,,107628.18000000001,,,,,
LFP_SOC30_M2,,107705.94,,,,,
LFP_SOC30_M2,,107811.0,,,,,
LFP_SOC30_M2,,107950.26000000001,,,,,
LFP_SOC30_M2,,108139.31999999999,,,,,
LFP_SOC30_M2,,108440.45999999999,,,,,
LFP_SOC30_M2,,108890.16,,,,,
LFP_SOC30_M2,,109341.42,,,,,
LFP_SOC30_M2,,109838.76,,,,,
LFP_SOC30_M2,,110468.34,,,,,
LFP_SOC30_M2,,111215.76,,,,,
LFP_SOC30_M2,,112224.72,,,,,
LFP_SOC30_M2,,113552.64,,,,,
LFP_SOC30_M2,,115622.57999999999,,,,,
LFP_SOC30_M2,,154956.72,,,,,
LFP_SOC30_M2,,157369.32,,,,,
LFP_SOC30_M2,,183875.03999999998,,,,,
LFP_SOC30_M2,,184333.14,,,,,
LFP_SOC30_M2,,185683.08,,,,,
LFP_SOC30_M2,,187023.6,,,,,
LFP_SOC30_M2,,188686.56,,,,,
LFP_SOC30_M2,,190054.44,,,,,
LFP_SOC30_M2,,191452.44,,,,,
LFP_SOC30_M2,,192448.74,,,,,
LFP_SOC30_M2,,192733.86000000002,,,,,
LFP_SOC30_M2,,193636.13999999998,,,,,
LFP_SOC30_M2,,193977.48,,,,,
LFP_SOC30_M2,,194594.94,,,,,
LFP_SOC30_M2,,195074.04,,,,,
LFP_SOC30_M2,,195517.26,,,,,
LFP_SOC30_M2,,195826.5,,,,,
LFP_SOC30_M2,,196275.30000000002,,,,,
LFP_SOC30_M2,,196688.4,,,,,
LFP_SOC30_M2,,197074.8,,,,,
LFP_SOC30_M2,,197343.3,,,,,
LFP_SOC30_M2,,197638.98,,,,,
LFP_SOC30_M2,,197886.48,,,,,
LFP_SOC30_M2,,198227.4,,,,,
LFP_SOC30_M2,,198538.74,,,,,
LFP_SOC30_M2,,198749.64,,,,,
LFP_SOC30_M2,,198940.86000000002,,,,,
LFP_SOC30_M2,,199276.68,,,,,
LFP_SOC30_M2,,199430.22,,,,,
LFP_SOC30_M2,,199671.6,,,,,
LFP_SOC30_M2,,199859.16,,,,,
LFP_SOC30_M2,,200044.62000000002,,,,,
LFP_SOC30_M2,,200237.28,,,,,
LFP_SOC30_M2,,200430.24,,,,,
LFP_SOC30_M2,,200594.4,,,,,
LFP_SOC30_M2,,200738.88,,,,,
LFP_SOC30_M2,,200894.1,,,,,
LFP_SOC30_M2,,201128.1,,,,,
LFP_SOC30_M2,,201242.4,,,,,
LFP_SOC30_M2,,201409.26,,,,,
LFP_SOC30_M2,,201569.1,,,,,
LFP_SOC30_M2,,201782.94,,,,,
LFP_SOC30_M2,,201903.72,,,,,
LFP_SOC30_M2,,202056.3,,,,,
LFP_SOC30_M2,,202191.84,,,,,
LFP_SOC30_M2,,202348.26,,,,,
LFP_SOC30_M2,,202571.22,,,,,
LFP_SOC30_M2,,202754.04,,,,,
LFP_SOC30_M2,,202890.72,,,,,
LFP_SOC30_M2,,203011.56,,,,,
LFP_SOC30_M2,,203177.28,,,,,
LFP_SOC30_M2,,203394.42,,,,,
LFP_SOC30_M2,,203510.76,,,,,
LFP_SOC30_M2,,203618.88,,,,,
LFP_SOC30_M2,,203857.19999999998,,,,,
LFP_SOC30_M2,,203943.96,,,,,
LFP_SOC30_M2,,204087.12000000002,,,,,
LFP_SOC30_M2,,204235.56,,,,,
LFP_SOC30_M2,,204422.63999999998,,,,,
LFP_SOC30_M2,,204521.63999999998,,,,,
LFP_SOC30_M2,,204632.87999999998,,,,,
LFP_SOC30_M2,,204765.0,,,,,
LFP_SOC30_M2,,205005.96,,,,,
LFP_SOC30_M2,,205138.56,,,,,
LFP_SOC30_M2,,205267.08,,,,,
NCA_HEI_SOC0_M1,,51490.799999999996,,,,,
NCA_HEI_SOC0_M1,,54537.3,,,,,
NCA_HEI_SOC0_M1,,64174.799999999996,,,,,
NCA_HEI_SOC0_M1,,66306.0,,,,,
NCA_HEI_SOC0_M1,,68505.72,,,,,
NCA_HEI_SOC0_M1,,70749.18000000001,,,,,
NCA_HEI_SOC0_M1,,72978.59999999999,,,,,
NCA_HEI_SOC0_M1,,75198.90000000001,,,,,
NCA_HEI_SOC0_M1,,77368.56000000001,,,,,
NCA_HEI_SOC0_M1,,79478.64,,,,,
NCA_HEI_SOC0_M1,,81473.58,,,,,
NCA_HEI_SOC0_M1,,83160.84,,,,,
NCA_HEI_SOC0_M1,,85820.22,,,,,
NCA_HEI_SOC0_M1,,86123.22,,,,,
NCA_HEI_SOC0_M1,,86391.84,,,,,
NCA_HEI_SOC0_M1,,86644.62,,,,,
NCA_HEI_SOC0_M1,,86873.93999999999,,,,,
NCA_HEI_SOC0_M1,,87093.3,,,,,
NCA_HEI_SOC0_M1,,87298.44,,,,,
NCA_HEI_SOC0_M1,,87488.04000000001,,,,,
NCA_HEI_SOC0_M1,,87667.86,,,,,
NCA_HEI_SOC0_M1,,87830.94,,,,,
NCA_HEI_SOC0_M1,,87983.7,,,,,
NCA_HEI_SOC0_M1,,88125.48,,,,,
NCA_HEI_SOC0_M1,,88261.56,,,,,
NCA_HEI_SOC0_M1,,88392.54000000001,,,,,
NCA_HEI_SOC0_M1,,88515.96,,,,,
NCA_HEI_SOC0_M1,,88631.22,,,,,
NCA_HEI_SOC0_M1,,88740.36,,,,,
NCA_HEI_SOC0_M1,,88845.36,,,,,
NCA_HEI_SOC0_M1,,88946.15999999999,,,,,
NCA_HEI_SOC0_M1,,89041.26,,,,,
NCA_HEI_SOC0_M1,,89131.8,,,,,
NCA_HEI_SOC0_M1,,89218.26,,,,,
NCA_HEI_SOC0_M1,,89300.7,,,,,
NCA_HEI_SOC0_M1,,89379.18000000001,,,,,
NCA_HEI_SOC0_M1,,89455.26000000001,,,,,
NCA_HEI_SOC0_M1,,89526.9,,,,,
NCA_HEI_SOC0_M1,,89599.44,,,,,
NCA_HEI_SOC0_M1,,89667.23999999999,,,,,
NCA_HEI_SOC0_M1,,89734.56,,,,,
NCA_HEI_SOC0_M1,,89798.28,,,,,
NCA_HEI_SOC0_M1,,89863.92,,,,,
NCA_HEI_SOC0_M1,,89925.78,,,,,
NCA_HEI_SOC0_M1,,89989.31999999999,,,,,
NCA_HEI_SOC0_M1,,90051.18000000001,,,,,
NCA_HEI_SOC0_M1,,90114.3,,,,,
NCA_HEI_SOC0_M1,,90176.7,,,,,
NCA_HEI_SOC0_M1,,90238.8,,,,,
NCA_HEI_SOC0_M1,,90301.92,,,,,
NCA_HEI_SOC0_M1,,90365.1,,,,,
NCA_HEI_SOC0_M1,,90430.56,,,,,
NCA_HEI_SOC0_M1,,90494.76000000001,,,,,
NCA_HEI_SOC0_M1,,90561.36,,,,,
NCA_HEI_SOC0_M1,,90628.86,,,,,
NCA_HEI_SOC0_M1,,90696.84,,,,,
NCA_HEI_SOC0_M1,,90765.23999999999,,,,,
NCA_HEI_SOC0_M1,,90834.66,,,,,
NCA_HEI_SOC0_M1,,90904.86,,,,,
NCA_HEI_SOC0_M1,,90975.23999999999,,,,,
NCA_HEI_SOC0_M1,,91044.84,,,,,
NCA_HEI_SOC0_M1,,91118.28,,,,,
NCA_HEI_SOC0_M1,,91188.3,,,,,
NCA_HEI_SOC0_M1,,91260.66,,,,,
NCA_HEI_SOC0_M1,,91336.74,,,,,
NCA_HEI_SOC0_M1,,91413.59999999999,,,,,
NCA_HEI_SOC0_M1,,91492.62,,,,,
NCA_HEI_SOC0_M1,,91573.08,,,,,
NCA_HEI_SOC0_M1,,91654.79999999999,,,,,
NCA_HEI_SOC0_M1,,91737.23999999999,,,,,
NCA_HEI_SOC0_M1,,91818.06,,,,,
NCA_HEI_SOC0_M1,,91896.54,,,,,
NCA_HEI_SOC0_M1,,91971.06000000001,,,,,
NCA_HEI_SOC0_M1,,92040.54000000001,,,,,
NCA_HEI_SOC0_M1,,92104.92000000001,,,,,
NCA_HEI_SOC0_M1,,92165.52,,,,,
NCA_HEI_SOC0_M1,,92222.88,,,,,
NCA_HEI_SOC0_M1,,92275.74,,,,,
NCA_HEI_SOC0_M1,,92326.8,,,,,
NCA_HEI_SOC0_M1,,92374.08,,,,,
NCA_HEI_SOC0_M1,,92420.64,,,,,
NCA_HEI_SOC0_M1,,92464.44,,,,,
NCA_HEI_SOC0_M1,,92507.57999999999,,,,,
NCA_HEI_SOC0_M1,,92549.94,,,,,
NCA_HEI_SOC0_M1,,92592.54000000001,,,,,
NCA_HEI_SOC0_M1,,92635.8,,,,,
NCA_HEI_SOC0_M1,,92678.76,,,,,
NCA_HEI_SOC0_M1,,92723.34,,,,,
NCA_HEI_SOC0_M1,,92766.78,,,,,
NCA_HEI_SOC0_M1,,92809.73999999999,,,,,
NCA_HEI_SOC0_M1,,92853.06,,,,,
NCA_HEI_SOC0_M1,,92894.88,,,,,
NCA_HEI_SOC0_M1,,92935.5,,,,,
NCA_HEI_SOC0_M1,,92974.08,,,,,
NCA_HEI_SOC0_M1,,93011.94,,,,,
NCA_HEI_SOC0_M1,,93046.08,,,,,
NCA_HEI_SOC0_M1,,93079.62,,,,,
NCA_HEI_SOC0_M1,,93111.72,,,,,
NCA_HEI_SOC0_M1,,93140.4,,,,,
NCA_HEI_SOC0_M1,,93167.28,,,,,
NCA_HEI_SOC0_M1,,93193.26,,,,,
NCA_HEI_SOC0_M1,,93216.54,,,,,
NCA_HEI_SOC0_M1,,93238.74,,,,,
NCA_HEI_SOC0_M1,,93260.22,,,,,
NCA_HEI_SOC0_M1,,93279.36,,,,,
NCA_HEI_SOC0_M1,,93298.08,,,,,
NCA_HEI_SOC0_M1,,93314.88,,,,,
NCA_HEI_SOC0_M1,,93330.96,,,,,
NCA_HEI_SOC0_M1,,93346.26,,,,,
NCA_HEI_SOC0_M1,,93359.82,,,,,
NCA_HEI_SOC0_M1,,93372.78,,,,,
NCA_HEI_SOC0_M1,,93385.26000000001,,,,,
NCA_HEI_SOC0_M1,,93396.95999999999,,,,,
NCA_HEI_SOC0_M1,,93407.64,,,,,
NCA_HEI_SOC0_M1,,93418.08,,,,,
NCA_HEI_SOC0_M1,,93427.62,,,,,
NCA_HEI_SOC0_M1,,93437.04000000001,,,,,
NCA_HEI_SOC0_M1,,93445.5,,,,,
NCA_HEI_SOC0_M1,,93453.59999999999,,,,,
NCA_HEI_SOC0_M1,,93461.52,,,,,
NCA_HEI_SOC0_M1,,93469.31999999999,,,,,
NCA_HEI_SOC0_M1,,93476.52,,,,,
NCA_HEI_SOC0_M1,,93483.18000000001,,,,,
NCA_HEI_SOC0_M1,,93489.66,,,,,
NCA_HEI_SOC0_M1,,93495.84,,,,,
NCA_HEI_SOC0_M1,,93502.32,,,,,
NCA_HEI_SOC0_M1,,93508.26,,,,,
NCA_HEI_SOC0_M1,,93514.02,,,,,
NCA_HEI_SOC0_M1,,93519.6,,,,,
NCA_HEI_SOC0_M1,,93525.06,,,,,
NCA_HEI_SOC0_M1,,93530.45999999999,,,,,
NCA_HEI_SOC0_M1,,93535.68000000001,,,,,
NCA_HEI_SOC0_M1,,93540.72,,,,,
NCA_HEI_SOC0_M1,,93545.76,,,,,
NCA_HEI_SOC0_M1,,93550.68000000001,,,,,
NCA_HEI_SOC0_M1,,93555.54000000001,,,,,
NCA_HEI_SOC0_M1,,93560.22,,,,,
NCA_HEI_SOC0_M1,,93564.9,,,,,
NCA_HEI_SOC0_M1,,93569.4,,,,,
NCA_HEI_SOC0_M1,,93574.08,,,,,
NCA_HEI_SOC0_M1,,93578.81999999999,,,,,
NCA_HEI_SOC0_M1,,93583.5,,,,,
NCA_HEI_SOC0_M1,,93588.18000000001,,,,,
NCA_HEI_SOC0_M1,,93592.86,,,,,
NCA_HEI_SOC0_M1,,93597.54000000001,,,,,
NCA_HEI_SOC0_M1,,93602.22,,,,,
NCA_HEI_SOC0_M1,,93606.95999999999,,,,,
NCA_HEI_SOC0_M1,,93611.81999999999,,,,,
NCA_HEI_SOC0_M1,,93616.68000000001,,,,,
NCA_HEI_SOC0_M1,,93621.54,,,,,
NCA_HEI_SOC0_M1,,93626.40000000001,,,,,
NCA_HEI_SOC0_M1,,93631.68000000001,,,,,
NCA_HEI_SOC0_M1,,93636.9,,,,,
NCA_HEI_SOC0_M1,,93641.94,,,,,
NCA_HEI_SOC0_M1,,93647.16,,,,,
NCA_HEI_SOC0_M1,,93652.73999999999,,,,,
NCA_HEI_SOC0_M1,,93658.31999999999,,,,,
NCA_HEI_SOC0_M1,,93664.5,,,,,
NCA_HEI_SOC0_M1,,93670.62,,,,,
NCA_HEI_SOC0_M1,,93677.1,,,,,
NCA_HEI_SOC0_M1,,93683.40000000001,,,,,
NCA_HEI_SOC0_M1,,93690.06,,,,,
NCA_HEI_SOC0_M1,,93696.59999999999,,,,,
NCA_HEI_SOC0_M1,,93703.26,,,,,
NCA_HEI_SOC0_M1,,93709.92000000001,,,,,
NCA_HEI_SOC0_M1,,93716.94,,,,,
NCA_HEI_SOC0_M1,,93724.2,,,,,
NCA_HEI_SOC0_M1,,93731.76,,,,,
NCA_HEI_SOC0_M1,,93739.68,,,,,
NCA_HEI_SOC0_M1,,93748.38,,,,,
NCA_HEI_SOC0_M1,,93757.02,,,,,
NCA_HEI_SOC0_M1,,93765.84,,,,,
NCA_HEI_SOC0_M1,,93775.26000000001,,,,,
NCA_HEI_SOC0_M1,,93785.34,,,,,
NCA_HEI_SOC0_M1,,93795.84,,,,,
NCA_HEI_SOC0_M1,,93805.92,,,,,
NCA_HEI_SOC0_M1,,93816.18000000001,,,,,
NCA_HEI_SOC0_M1,,93827.76000000001,,,,,
NCA_HEI_SOC0_M1,,93839.09999999999,,,,,
NCA_HEI_SOC0_M1,,93850.68000000001,,,,,
NCA_HEI_SOC0_M1,,93863.1,,,,,
NCA_HEI_SOC0_M1,,93875.7,,,,,
NCA_HEI_SOC0_M1,,93888.18000000001,,,,,
NCA_HEI_SOC0_M1,,93901.86,,,,,
NCA_HEI_SOC0_M1,,93915.96,,,,,
NCA_HEI_SOC0_M1,,93930.23999999999,,,,,
NCA_HEI_SOC0_M1,,93944.64,,,,,
NCA_HEI_SOC0_M1,,93959.64,,,,,
NCA_HEI_SOC0_M1,,93975.3,,,,,
NCA_HEI_SOC0_M1,,93991.02,,,,,
NCA_HEI_SOC0_M1,,94007.45999999999,,,,,
NCA_HEI_SOC0_M1,,94023.84000000001,,,,,
NCA_HEI_SOC0_M1,,94041.18000000001,,,,,
NCA_HEI_SOC0_M1,,94058.52,,,,,
NCA_HEI_SOC0_M1,,94076.7,,,,,
NCA_HEI_SOC0_M1,,94094.22,,,,,
NCA_HEI_SOC0_M1,,94112.64,,,,,
NCA_HEI_SOC0_M1,,94131.0,,,,,
NCA_HEI_SOC0_M1,,94149.6,,,,,
NCA_HEI_SOC0_M1,,94168.02,,,,,
NCA_HEI_SOC0_M1,,94186.98,,,,,
NCA_HEI_SOC0_M1,,94205.94,,,,,
NCA_HEI_SOC0_M1,,94224.12,,,,,
NCA_HEI_SOC30_M1,,43984.74,,,,,
NCA_HEI_SOC30_M1,,53107.56,,,,,
NCA_HEI_SOC30_M1,,56376.9,,,,,
NCA_HEI_SOC30_M1,,63817.32000000001,,,,,
NCA_HEI_SOC30_M1,,65808.06,,,,,
NCA_HEI_SOC30_M1,,67972.56,,,,,
NCA_HEI_SOC30_M1,,70432.32,,,,,
NCA_HEI_SOC30_M1,,75041.34000000001,,,,,
NCA_HEI_SOC30_M1,,75447.9,,,,,
NCA_HEI_SOC30_M1,,75792.78,,,,,
NCA_HEI_SOC30_M1,,76102.92,,,,,
NCA_HEI_SOC30_M1,,76384.73999999999,,,,,
NCA_HEI_SOC30_M1,,76640.22,,,,,
NCA_HEI_SOC30_M1,,76875.66,,,,,
NCA_HEI_SOC30_M1,,77091.78,,,,,
NCA_HEI_SOC30_M1,,77290.98,,,,,
NCA_HEI_SOC30_M1,,77478.24,,,,,
NCA_HEI_SOC30_M1,,77654.58,,,,,
NCA_HEI_SOC30_M1,,77818.02,,,,,
NCA_HEI_SOC30_M1,,77971.14,,,,,
NCA_HEI_SOC30_M1,,78115.86,,,,,
NCA_HEI_SOC30_M1,,78253.08,,,,,
NCA_HEI_SOC30_M1,,78382.32,,,,,
NCA_HEI_SOC30_M1,,78503.40000000001,,,,,
NCA_HEI_SOC30_M1,,78622.14,,,,,
NCA_HEI_SOC30_M1,,78731.46,,,,,
NCA_HEI_SOC30_M1,,78834.06,,,,,
NCA_HEI_SOC30_M1,,78932.4,,,,,
NCA_HEI_SOC30_M1,,79023.78,,,,,
NCA_HEI_SOC30_M1,,79111.14,,,,,
NCA_HEI_SOC30_M1,,79190.58,,,,,
NCA_HEI_SOC30_M1,,79267.8,,,,,
NCA_HEI_SOC30_M1,,79340.04000000001,,,,,
NCA_HEI_SOC30_M1,,79408.08,,,,,
NCA_HEI_SOC30_M1,,79471.26,,,,,
NCA_HEI_SOC30_M1,,79530.72,,,,,
NCA_HEI_SOC30_M1,,79586.94,,,,,
NCA_HEI_SOC30_M1,,79640.1,,,,,
NCA_HEI_SOC30_M1,,79690.74,,,,,
NCA_HEI_SOC30_M1,,79737.29999999999,,,,,
NCA_HEI_SOC30_M1,,79782.12,,,,,
NCA_HEI_SOC30_M1,,79822.98,,,,,
NCA_HEI_SOC30_M1,,79862.76000000001,,,,,
NCA_HEI_SOC30_M1,,79899.42,,,,,
NCA_HEI_SOC30_M1,,79934.22,,,,,
NCA_HEI_SOC30_M1,,79966.74,,,,,
NCA_HEI_SOC30_M1,,79996.74,,,,,
NCA_HEI_SOC30_M1,,80025.48,,,,,
NCA_HEI_SOC30_M1,,80051.81999999999,,,,,
NCA_HEI_SOC30_M1,,80077.2,,,,,
NCA_HEI_SOC30_M1,,80100.90000000001,,,,,
NCA_HEI_SOC30_M1,,80122.73999999999,,,,,
NCA_HEI_SOC30_M1,,80143.31999999999,,,,,
NCA_HEI_SOC30_M1,,80162.4,,,,,
NCA_HEI_SOC30_M1,,80180.28,,,,,
NCA_HEI_SOC30_M1,,80197.26000000001,,,,,
NCA_HEI_SOC30_M1,,80212.8,,,,,
NCA_HEI_SOC30_M1,,80227.26000000001,,,,,
NCA_HEI_SOC30_M1,,80241.0,,,,,
NCA_HEI_SOC30_M1,,80253.59999999999,,,,,
NCA_HEI_SOC30_M1,,80265.36,,,,,
NCA_HEI_SOC30_M1,,80276.58,,,,,
NCA_HEI_SOC30_M1,,80287.02,,,,,
NCA_HEI_SOC30_M1,,80296.62,,,,,
NCA_HEI_SOC30_M1,,80305.44,,,,,
NCA_HEI_SOC30_M1,,80313.59999999999,,,,,
NCA_HEI_SOC30_M1,,80321.34000000001,,,,,
NCA_HEI_SOC30_M1,,80328.42,,,,,
NCA_HEI_SOC30_M1,,80334.9,,,,,
NCA_HEI_SOC30_M1,,80341.26,,,,,
NCA_HEI_SOC30_M1,,80347.2,,,,,
NCA_HEI_SOC30_M1,,80352.42000000001,,,,,
NCA_HEI_SOC30_M1,,80357.51999999999,,,,,
NCA_HEI_SOC30_M1,,80362.02,,,,,
NCA_HEI_SOC30_M1,,80366.52,,,,,
NCA_HEI_SOC30_M1,,80370.72,,,,,
NCA_HEI_SOC30_M1,,80374.5,,,,,
NCA_HEI_SOC30_M1,,80378.1,,,,,
NCA_HEI_SOC30_M1,,80381.40000000001,,,,,
NCA_HEI_SOC30_M1,,80384.64,,,,,
NCA_HEI_SOC30_M1,,80387.34,,,,,
NCA_HEI_SOC30_M1,,80390.04000000001,,,,,
NCA_HEI_SOC30_M1,,80392.38,,,,,
NCA_HEI_SOC30_M1,,80394.95999999999,,,,,
NCA_HEI_SOC30_M1,,80397.12,,,,,
NCA_HEI_SOC30_M1,,80399.28,,,,,
NCA_HEI_SOC30_M1,,80401.08,,,,,
NCA_HEI_SOC30_M1,,80402.70000000001,,,,,
NCA_HEI_SOC30_M1,,80404.14,,,,,
NCA_HEI_SOC30_M1,,80405.58,,,,,
NCA_HEI_SOC30_M1,,80406.66,,,,,
NCA_HEI_SOC30_M1,,80407.8,,,,,
NCA_HEI_SOC30_M1,,80408.87999999999,,,,,
NCA_HEI_SOC30_M1,,80409.95999999999,,,,,
NCA_HEI_SOC30_M1,,80410.68000000001,,,,,
NCA_HEI_SOC30_M1,,80411.22,,,,,
NCA_HEI_SOC30_M1,,80411.94,,,,,
NCA_HEI_SOC30_M1,,80412.48000000001,,,,,
NCA_HEI_SOC30_M1,,80413.56000000001,,,,,
NCA_HEI_SOC30_M1,,80413.74,,,,,
NCA_HEI_SOC30_M1,,80413.92,,,,,
NCA_HEI_SOC30_M1,,80414.09999999999,,,,,
NCA_HEI_SOC30_M1,,80414.28,,,,,
NCA_HEI_SOC30_M1,,80414.45999999999,,,,,
NCA_HEI_SOC30_M1,,80414.64,,,,,
NCA_HEI_SOC30_M1,,80414.82,,,,,
NCA_HEI_SOC30_M1,,80415.0,,,,,
NCA_HEI_SOC30_M1,,80415.18,,,,,
NCA_HEI_SOC30_M1,,80415.36,,,,,
NCA_HEI_SOC30_M1,,80415.54000000001,,,,,
NCA_HP_SOC100_M2,,23270.1,,,,,
NCA_HP_SOC100_M2,,26010.78,,,,,
NCA_HP_SOC100_M2,,34431.9,,,,,
NCA_HP_SOC100_M2,,36153.24,,,,,
NCA_HP_SOC100_M2,,37917.0,,,,,
NCA_HP_SOC100_M2,,39715.979999999996,,,,,
NCA_HP_SOC100_M2,,41500.62,,,,,
NCA_HP_SOC100_M2,,43239.54,,,,,
NCA_HP_SOC100_M2,,44923.5,,,,,
NCA_HP_SOC100_M2,,46540.08,,,,,
NCA_HP_SOC100_M2,,48059.82,,,,,
NCA_HP_SOC100_M2,,49483.979999999996,,,,,
NCA_HP_SOC100_M2,,50815.74,,,,,
NCA_HP_SOC100_M2,,52057.619999999995,,,,,
NCA_HP_SOC100_M2,,53218.38,,,,,
NCA_HP_SOC100_M2,,54291.479999999996,,,,,
NCA_HP_SOC100_M2,,55278.78,,,,,
NCA_HP_SOC100_M2,,56183.46,,,,,
NCA_HP_SOC100_M2,,57017.399999999994,,,,,
NCA_HP_SOC100_M2,,57802.02,,,,,
NCA_HP_SOC100_M2,,58509.06,,,,,
NCA_HP_SOC100_M2,,59154.96000000001,,,,,
NCA_HP_SOC100_M2,,59770.08,,,,,
NCA_HP_SOC100_M2,,60329.52,,,,,
NCA_HP_SOC100_M2,,60838.979999999996,,,,,
NCA_HP_SOC100_M2,,61322.22,,,,,
NCA_HP_SOC100_M2,,61764.36,,,,,
NCA_HP_SOC100_M2,,62185.44,,,,,
NCA_HP_SOC100_M2,,62580.54,,,,,
NCA_HP_SOC100_M2,,62949.66,,,,,
NCA_HP_SOC100_M2,,63298.86,,,,,
NCA_HP_SOC100_M2,,63631.979999999996,,,,,
NCA_HP_SOC100_M2,,63945.17999999999,,,,,
NCA_HP_SOC100_M2,,64017.18,,,,,
NCA_HP_SOC100_M2,,65908.68000000001,,,,,
NCA_HP_SOC100_M2,,66239.94,,,,,
NCA_HP_SOC100_M2,,66532.5,,,,,
NCA_HP_SOC100_M2,,66795.78,,,,,
NCA_HP_SOC100_M2,,67040.7,,,,,
NCA_HP_SOC100_M2,,67258.38,,,,,
NCA_HP_SOC100_M2,,67450.14,,,,,
NCA_HP_SOC100_M2,,67623.78,,,,,
NCA_HP_SOC100_M2,,67778.52,,,,,
NCA_HP_SOC100_M2,,67917.54000000001,,,,,
NCA_HP_SOC100_M2,,68040.42,,,,,
NCA_HP_SOC100_M2,,68153.1,,,,,
NCA_HP_SOC100_M2,,68252.94,,,,,
NCA_HP_SOC100_M2,,68345.45999999999,,,,,
NCA_HP_SOC100_M2,,68428.92,,,,,
NCA_HP_SOC100_M2,,68507.1,,,,,
NCA_HP_SOC100_M2,,68575.14,,,,,
NCA_HP_SOC100_M2,,68634.42,,,,,
NCA_HP_SOC100_M2,,68685.90000000001,,,,,
NCA_HP_SOC100_M2,,68733.06,,,,,
NCA_HP_SOC100_M2,,68776.37999999999,,,,,
NCA_HP_SOC100_M2,,68816.81999999999,,,,,
NCA_HP_SOC100_M2,,68854.26,,,,,
NCA_HP_SOC100_M2,,68890.14,,,,,
NCA_HP_SOC100_M2,,68923.08,,,,,
NCA_HP_SOC100_M2,,68954.22,,,,,
NCA_HP_SOC100_M2,,68983.26,,,,,
NCA_HP_SOC100_M2,,69010.74,,,,,
NCA_HP_SOC100_M2,,69037.08,,,,,
NCA_HP_SOC100_M2,,69061.5,,,,,
NCA_HP_SOC100_M2,,69084.78,,,,,
NCA_HP_SOC100_M2,,69106.43999999999,,,,,
NCA_HP_SOC100_M2,,69127.56,,,,,
NCA_HP_SOC100_M2,,69146.7,,,,,
NCA_HP_SOC100_M2,,69165.48,,,,,
NCA_HP_SOC100_M2,,69183.48,,,,,
NCA_HP_SOC100_M2,,69200.28,,,,,
NCA_HP_SOC100_M2,,69216.18000000001,,,,,
NCA_HP_SOC100_M2,,69231.18000000001,,,,,
NCA_HP_SOC100_M2,,69245.45999999999,,,,,
NCA_HP_SOC100_M2,,69258.48,,,,,
NCA_HP_SOC100_M2,,69270.78,,,,,
NCA_HP_SOC100_M2,,69282.72,,,,,
NCA_HP_SOC100_M2,,69293.52,,,,,
NCA_HP_SOC100_M2,,69303.84000000001,,,,,
NCA_HP_SOC100_M2,,69313.74,,,,,
NCA_HP_SOC100_M2,,69322.98,,,,,
NCA_HP_SOC100_M2,,69331.8,,,,,
NCA_HP_SOC100_M2,,69340.32,,,,,
NCA_HP_SOC100_M2,,69348.24,,,,,
NCA_HP_SOC100_M2,,69356.04,,,,,
NCA_HP_SOC100_M2,,69363.24,,,,,
NCA_HP_SOC100_M2,,69370.07999999999,,,,,
NCA_HP_SOC100_M2,,69376.62,,,,,
NCA_HP_SOC100_M2,,69382.92,,,,,
NCA_HP_SOC100_M2,,69388.5,,,,,
NCA_HP_SOC100_M2,,69393.90000000001,,,,,
NCA_HP_SOC100_M2,,69399.18000000001,,,,,
NCA_HP_SOC100_M2,,69404.22,,,,,
NCA_HP_SOC100_M2,,69408.90000000001,,,,,
NCA_HP_SOC100_M2,,69413.22,,,,,
NCA_HP_SOC100_M2,,69417.42000000001,,,,,
NCA_HP_SOC100_M2,,69421.2,,,,,
NCA_HP_SOC100_M2,,69424.98000000001,,,,,
NCA_HP_SOC100_M2,,69428.40000000001,,,,,
NCA_HP_SOC100_M2,,69431.52,,,,,
NCA_HP_SOC100_M2,,69434.4,,,,,
NCA_HP_SOC100_M2,,69437.1,,,,,
NCA_HP_SOC100_M2,,69439.62,,,,,
NCA_HP_SOC100_M2,,69441.95999999999,,,,,
NCA_HP_SOC100_M2,,69443.58,,,,,
NCA_HP_SOC100_M2,,69443.76,,,,,
NCA_HP_SOC100_M2,,69443.93999999999,,,,,
NCA_HP_SOC100_M2,,69444.12,,,,,
NCA_HP_SOC100_M2,,69445.98,,,,,
NCA_HP_SOC100_M2,,69446.15999999999,,,,,
NCA_HP_SOC100_M2,,69446.34000000001,,,,,
NCA_HP_SOC100_M2,,69446.52,,,,,
NCA_HP_SOC100_M2,,69446.7,,,,,
NCA_HP_SOC100_M2,,69446.88,,,,,
NCA_HP_SOC100_M2,,69447.06,,,,,
NCA_HP_SOC100_M2,,69447.23999999999,,,,,
NCA_HP_SOC100_M2,,69447.42000000001,,,,,
NCA_HP_SOC100_M2,,69447.6,,,,,
NCA_HEI_SOC0_M2,,55811.04,,,,,
NCA_HEI_SOC0_M2,,59125.62,,,,,
NCA_HEI_SOC0_M2,,67388.40000000001,,,,,
NCA_HEI_SOC0_M2,,68988.06,,,,,
NCA_HEI_SOC0_M2,,70631.58,,,,,
NCA_HEI_SOC0_M2,,72252.18,,,,,
NCA_HEI_SOC0_M2,,73859.45999999999,,,,,
NCA_HEI_SOC0_M2,,75451.08,,,,,
NCA_HEI_SOC0_M2,,75527.04000000001,,,,,
NCA_HEI_SOC0_M2,,78074.09999999999,,,,,
NCA_HEI_SOC0_M2,,78351.12000000001,,,,,
NCA_HEI_SOC0_M2,,78606.12000000001,,,,,
NCA_HEI_SOC0_M2,,78846.3,,,,,
NCA_HEI_SOC0_M2,,79069.44,,,,,
NCA_HEI_SOC0_M2,,79277.88,,,,,
NCA_HEI_SOC0_M2,,79476.66,,,,,
NCA_HEI_SOC0_M2,,79667.28,,,,,
NCA_HEI_SOC0_M2,,79843.31999999999,,,,,
NCA_HEI_SOC0_M2,,80016.3,,,,,
NCA_HEI_SOC0_M2,,80176.26,,,,,
NCA_HEI_SOC0_M2,,80329.92000000001,,,,,
NCA_HEI_SOC0_M2,,80476.56,,,,,
NCA_HEI_SOC0_M2,,80617.08,,,,,
NCA_HEI_SOC0_M2,,80750.16,,,,,
NCA_HEI_SOC0_M2,,80875.86,,,,,
NCA_HEI_SOC0_M2,,80996.22,,,,,
NCA_HEI_SOC0_M2,,81110.16,,,,,
NCA_HEI_SOC0_M2,,81222.0,,,,,
NCA_HEI_SOC0_M2,,81327.72,,,,,
NCA_HEI_SOC0_M2,,81429.06,,,,,
NCA_HEI_SOC0_M2,,81525.90000000001,,,,,
NCA_HEI_SOC0_M2,,81618.78,,,,,
NCA_HEI_SOC0_M2,,81709.02,,,,,
NCA_HEI_SOC0_M2,,81794.52,,,,,
NCA_HEI_SOC0_M2,,81875.1,,,,,
NCA_HEI_SOC0_M2,,81951.59999999999,,,,,
NCA_HEI_SOC0_M2,,82026.48,,,,,
NCA_HEI_SOC0_M2,,82095.90000000001,,,,,
NCA_HEI_SOC0_M2,,82163.87999999999,,,,,
NCA_HEI_SOC0_M2,,82228.44,,,,,
NCA_HEI_SOC0_M2,,82290.18,,,,,
NCA_HEI_SOC0_M2,,82350.42,,,,,
NCA_HEI_SOC0_M2,,82408.68000000001,,,,,
NCA_HEI_SOC0_M2,,82465.68000000001,,,,,
NCA_HEI_SOC0_M2,,82521.95999999999,,,,,
NCA_HEI_SOC0_M2,,82576.43999999999,,,,,
NCA_HEI_SOC0_M2,,82631.28,,,,,
NCA_HEI_SOC0_M2,,82683.59999999999,,,,,
NCA_HEI_SOC0_M2,,82737.84,,,,,
NCA_HEI_SOC0_M2,,82790.52,,,,,
NCA_HEI_SOC0_M2,,82843.56000000001,,,,,
NCA_HEI_SOC0_M2,,82897.62,,,,,
NCA_HEI_SOC0_M2,,82949.58,,,,,
NCA_HEI_SOC0_M2,,83002.98,,,,,
NCA_HEI_SOC0_M2,,83054.94,,,,,
NCA_HEI_SOC0_M2,,83107.44,,,,,
NCA_HEI_SOC0_M2,,83159.88,,,,,
NCA_HEI_SOC0_M2,,83212.38,,,,,
NCA_HEI_SOC0_M2,,83264.16,,,,,
NCA_HEI_SOC0_M2,,83316.95999999999,,,,,
NCA_HEI_SOC0_M2,,83370.36,,,,,
NCA_HEI_SOC0_M2,,83422.86,,,,,
NCA_HEI_SOC0_M2,,83477.51999999999,,,,,
NCA_HEI_SOC0_M2,,83533.62000000001,,,,,
NCA_HEI_SOC0_M2,,83589.36,,,,,
NCA_HEI_SOC0_M2,,83647.8,,,,,
NCA_HEI_SOC0_M2,,83708.40000000001,,,,,
NCA_HEI_SOC0_M2,,83768.64,,,,,
NCA_HEI_SOC0_M2,,83830.86,,,,,
NCA_HEI_SOC0_M2,,83894.16,,,,,
NCA_HEI_SOC0_M2,,83955.3,,,,,
NCA_HEI_SOC0_M2,,84016.08,,,,,
NCA_HEI_SOC0_M2,,84074.52,,,,,
NCA_HEI_SOC0_M2,,84130.62,,,,,
NCA_HEI_SOC0_M2,,84183.12,,,,,
NCA_HEI_SOC0_M2,,84233.04000000001,,,,,
NCA_HEI_SOC0_M2,,84282.29999999999,,,,,
NCA_HEI_SOC0_M2,,84327.9,,,,,
NCA_HEI_SOC0_M2,,84372.29999999999,,,,,
NCA_HEI_SOC0_M2,,84414.3,,,,,
NCA_HEI_SOC0_M2,,84454.2,,,,,
NCA_HEI_SOC0_M2,,84493.14,,,,,
NCA_HEI_SOC0_M2,,84530.28,,,,,
NCA_HEI_SOC0_M2,,84566.94,,,,,
NCA_HEI_SOC0_M2,,84603.18000000001,,,,,
NCA_HEI_SOC0_M2,,84639.42,,,,,
NCA_HEI_SOC0_M2,,84676.2,,,,,
NCA_HEI_SOC0_M2,,84712.8,,,,,
NCA_HEI_SOC0_M2,,84749.45999999999,,,,,
NCA_HEI_SOC0_M2,,84784.98000000001,,,,,
NCA_HEI_SOC0_M2,,84819.95999999999,,,,,
NCA_HEI_SOC0_M2,,84854.04,,,,,
NCA_HEI_SOC0_M2,,84886.31999999999,,,,,
NCA_HEI_SOC0_M2,,84917.51999999999,,,,,
NCA_HEI_SOC0_M2,,84946.02,,,,,
NCA_HEI_SOC0_M2,,84974.88,,,,,
NCA_HEI_SOC0_M2,,85001.04,,,,,
NCA_HEI_SOC0_M2,,85025.76,,,,,
NCA_HEI_SOC0_M2,,85049.94,,,,,
NCA_HEI_SOC0_M2,,85071.54,,,,,
NCA_HEI_SOC0_M2,,85092.66,,,,,
NCA_HEI_SOC0_M2,,85111.62,,,,,
NCA_HEI_SOC0_M2,,85129.79999999999,,,,,
NCA_HEI_SOC0_M2,,85146.78,,,,,
NCA_HEI_SOC0_M2,,85162.8,,,,,
NCA_HEI_SOC0_M2,,85177.26000000001,,,,,
NCA_HEI_SOC0_M2,,85191.66,,,,,
NCA_HEI_SOC0_M2,,85204.86,,,,,
NCA_HEI_SOC0_M2,,85216.92,,,,,
NCA_HEI_SOC0_M2,,85228.62000000001,,,,,
NCA_HEI_SOC0_M2,,85239.84,,,,,
NCA_HEI_SOC0_M2,,85250.1,,,,,
NCA_HEI_SOC0_M2,,85259.82,,,,,
NCA_HEI_SOC0_M2,,85269.24,,,,,
NCA_HEI_SOC0_M2,,85278.06,,,,,
NCA_HEI_SOC0_M2,,85286.34000000001,,,,,
NCA_HEI_SOC0_M2,,85294.31999999999,,,,,
NCA_HEI_SOC0_M2,,85302.23999999999,,,,,
NCA_HEI_SOC0_M2,,85309.44,,,,,
NCA_HEI_SOC0_M2,,85316.28,,,,,
NCA_HEI_SOC0_M2,,85323.0,,,,,
NCA_HEI_SOC0_M2,,85329.48,,,,,
NCA_HEI_SOC0_M2,,85335.78,,,,,
NCA_HEI_SOC0_M2,,85341.72,,,,,
NCA_HEI_SOC0_M2,,85347.29999999999,,,,,
NCA_HEI_SOC0_M2,,85352.76000000001,,,,,
NCA_HEI_SOC0_M2,,85358.16,,,,,
NCA_HEI_SOC0_M2,,85363.38,,,,,
NCA_HEI_SOC0_M2,,85368.59999999999,,,,,
NCA_HEI_SOC0_M2,,85373.64,,,,,
NCA_HEI_SOC0_M2,,85378.56000000001,,,,,
NCA_HEI_SOC0_M2,,85383.24,,,,,
NCA_HEI_SOC0_M2,,85387.73999999999,,,,,
NCA_HEI_SOC0_M2,,85392.42000000001,,,,,
NCA_HEI_SOC0_M2,,85396.92,,,,,
NCA_HEI_SOC0_M2,,85401.59999999999,,,,,
NCA_HEI_SOC0_M2,,85406.34000000001,,,,,
NCA_HEI_SOC0_M2,,85411.02,,,,,
NCA_HEI_SOC0_M2,,85415.52,,,,,
NCA_HEI_SOC0_M2,,85420.01999999999,,,,,
NCA_HEI_SOC0_M2,,85424.52,,,,,
NCA_HEI_SOC0_M2,,85429.2,,,,,
NCA_HEI_SOC0_M2,,85433.93999999999,,,,,
NCA_HEI_SOC0_M2,,85438.8,,,,,
NCA_HEI_SOC0_M2,,85443.48,,,,,
NCA_HEI_SOC0_M2,,85447.98,,,,,
NCA_HEI_SOC0_M2,,85452.66,,,,,
NCA_HEI_SOC0_M2,,85457.4,,,,,
NCA_HEI_SOC0_M2,,85462.26000000001,,,,,
NCA_HEI_SOC0_M2,,85467.29999999999,,,,,
NCA_HEI_SOC0_M2,,85472.34,,,,,
NCA_HEI_SOC0_M2,,85477.73999999999,,,,,
NCA_HEI_SOC0_M2,,85483.2,,,,,
NCA_HEI_SOC0_M2,,85488.78,,,,,
NCA_HEI_SOC0_M2,,85494.54000000001,,,,,
NCA_HEI_SOC0_M2,,85500.66,,,,,
NCA_HEI_SOC0_M2,,85506.95999999999,,,,,
NCA_HEI_SOC0_M2,,85513.68000000001,,,,,
NCA_HEI_SOC0_M2,,85520.34,,,,,
NCA_HEI_SOC0_M2,,85527.0,,,,,
NCA_HEI_SOC0_M2,,85534.02,,,,,
NCA_HEI_SOC0_M2,,85541.64,,,,,
NCA_HEI_SOC0_M2,,85549.02,,,,,
NCA_HEI_SOC0_M2,,85556.40000000001,,,,,
NCA_HEI_SOC0_M2,,85563.96,,,,,
NCA_HEI_SOC0_M2,,85572.29999999999,,,,,
NCA_HEI_SOC0_M2,,85581.12000000001,,,,,
NCA_HEI_SOC0_M2,,85589.94,,,,,
NCA_HEI_SOC0_M2,,85598.93999999999,,,,,
NCA_HEI_SOC0_M2,,85608.18000000001,,,,,
NCA_HEI_SOC0_M2,,85618.26,,,,,
NCA_HEI_SOC0_M2,,85628.52,,,,,
NCA_HEI_SOC0_M2,,85638.65999999999,,,,,
NCA_HEI_SOC0_M2,,85649.28,,,,,
NCA_HEI_SOC0_M2,,85660.62,,,,,
NCA_HEI_SOC0_M2,,85672.02,,,,,
NCA_HEI_SOC0_M2,,85683.18000000001,,,,,
NCA_HEI_SOC0_M2,,85694.88,,,,,
NCA_HEI_SOC0_M2,,85707.54000000001,,,,,
NCA_HEI_SOC0_M2,,85719.78,,,,,
NCA_HEI_SOC0_M2,,85732.62,,,,,
NCA_HEI_SOC0_M2,,85746.3,,,,,
NCA_HEI_SOC0_M2,,85759.86,,,,,
NCA_HEI_SOC0_M2,,85775.88,,,,,
NCA_HEI_SOC0_M2,,85791.59999999999,,,,,
NCA_HEI_SOC0_M2,,85808.34,,,,,
NCA_HEI_SOC0_M2,,85826.22,,,,,
NCA_HEI_SOC0_M2,,85842.84,,,,,
NCA_HEI_SOC0_M2,,85861.02,,,,,
NCA_HEI_SOC0_M2,,85878.36,,,,,
NCA_HEI_SOC0_M2,,85897.62,,,,,
NCA_HEI_SOC0_M2,,85916.40000000001,,,,,
NCA_HEI_SOC0_M2,,85934.64,,,,,
NCA_HEI_SOC0_M2,,85953.54,,,,,
NCA_HEI_SOC0_M2,,85972.32,,,,,
NCA_HEI_SOC0_M2,,85991.58,,,,,
NCA_HEI_SOC0_M2,,86011.08,,,,,
NCA_HEI_SOC0_M2,,86030.22,,,,,
NCA_HEI_SOC0_M2,,86049.36,,,,,
NCA_HEI_SOC0_M2,,86068.62000000001,,,,,
NCA_HP_SOC30_M2,,33782.399999999994,,,,,
NCA_HP_SOC30_M2,,37028.58,,,,,
NCA_HP_SOC30_M2,,47144.46,,,,,
NCA_HP_SOC30_M2,,48654.72,,,,,
NCA_HP_SOC30_M2,,50173.079999999994,,,,,
NCA_HP_SOC30_M2,,51646.08,,,,,
NCA_HP_SOC30_M2,,53061.840000000004,,,,,
NCA_HP_SOC30_M2,,54456.119999999995,,,,,
NCA_HP_SOC30_M2,,55877.520000000004,,,,,
NCA_HP_SOC30_M2,,57260.76,,,,,
NCA_HP_SOC30_M2,,58618.079999999994,,,,,
NCA_HP_SOC30_M2,,59951.28,,,,,
NCA_HP_SOC30_M2,,61282.380000000005,,,,,
NCA_HP_SOC30_M2,,62377.920000000006,,,,,
NCA_HP_SOC30_M2,,63321.72,,,,,
NCA_HP_SOC30_M2,,64336.2,,,,,
NCA_HP_SOC30_M2,,65374.380000000005,,,,,
NCA_HP_SOC30_M2,,66355.56,,,,,
NCA_HP_SOC30_M2,,67277.51999999999,,,,,
NCA_HP_SOC30_M2,,68133.48,,,,,
NCA_HP_SOC30_M2,,68944.08,,,,,
NCA_HP_SOC30_M2,,69691.02,,,,,
NCA_HP_SOC30_M2,,69952.62,,,,,
NCA_HP_SOC30_M2,,72388.86,,,,,
NCA_HP_SOC30_M2,,72664.98000000001,,,,,
NCA_HP_SOC30_M2,,72906.66,,,,,
NCA_HP_SOC30_M2,,73131.59999999999,,,,,
NCA_HP_SOC30_M2,,73338.24,,,,,
NCA_HP_SOC30_M2,,73538.28,,,,,
NCA_HP_SOC30_M2,,73710.66,,,,,
NCA_HP_SOC30_M2,,73852.38,,,,,
NCA_HP_SOC30_M2,,73981.31999999999,,,,,
NCA_HP_SOC30_M2,,74097.29999999999,,,,,
NCA_HP_SOC30_M2,,74207.34,,,,,
NCA_HP_SOC30_M2,,74308.2,,,,,
NCA_HP_SOC30_M2,,74402.57999999999,,,,,
NCA_HP_SOC30_M2,,74490.78,,,,,
NCA_HP_SOC30_M2,,74573.58,,,,,
NCA_HP_SOC30_M2,,74652.6,,,,,
NCA_HP_SOC30_M2,,74722.2,,,,,
NCA_HP_SOC30_M2,,74791.98,,,,,
NCA_HP_SOC30_M2,,74850.78,,,,,
NCA_HP_SOC30_M2,,74911.43999999999,,,,,
NCA_HP_SOC30_M2,,74966.40000000001,,,,,
NCA_HP_SOC30_M2,,75018.54,,,,,
NCA_HP_SOC30_M2,,75066.84,,,,,
NCA_HP_SOC30_M2,,75114.48,,,,,
NCA_HP_SOC30_M2,,75158.28,,,,,
NCA_HP_SOC30_M2,,75199.38,,,,,
NCA_HP_SOC30_M2,,75241.8,,,,,
NCA_HP_SOC30_M2,,75278.40000000001,,,,,
NCA_HP_SOC30_M2,,75313.92,,,,,
NCA_HP_SOC30_M2,,75347.64,,,,,
NCA_HP_SOC30_M2,,75379.98000000001,,,,,
NCA_HP_SOC30_M2,,75410.45999999999,,,,,
NCA_HP_SOC30_M2,,75440.22,,,,,
NCA_HP_SOC30_M2,,75468.54,,,,,
NCA_HP_SOC30_M2,,75495.42,,,,,
NCA_HP_SOC30_M2,,75521.15999999999,,,,,
NCA_HP_SOC30_M2,,75546.42,,,,,
NCA_HP_SOC30_M2,,75570.6,,,,,
NCA_HP_SOC30_M2,,75592.73999999999,,,,,
NCA_HP_SOC30_M2,,75615.36,,,,,
NCA_HP_SOC30_M2,,75635.7,,,,,
NCA_HP_SOC30_M2,,75656.81999999999,,,,,
NCA_HP_SOC30_M2,,75675.96,,,,,
NCA_HP_SOC30_M2,,75695.64,,,,,
NCA_HP_SOC30_M2,,75713.1,,,,,
NCA_HP_SOC30_M2,,75731.34000000001,,,,,
NCA_HP_SOC30_M2,,75749.34,,,,,
NCA_HP_SOC30_M2,,75765.23999999999,,,,,
NCA_HP_SOC30_M2,,75781.26,,,,,
NCA_HP_SOC30_M2,,75796.43999999999,,,,,
NCA_HP_SOC30_M2,,75811.62,,,,,
NCA_HP_SOC30_M2,,75826.37999999999,,,,,
NCA_HP_SOC30_M2,,75839.76000000001,,,,,
NCA_HP_SOC30_M2,,75853.08,,,,,
NCA_HP_SOC30_M2,,75866.22,,,,,
NCA_HP_SOC30_M2,,75878.87999999999,,,,,
NCA_HP_SOC30_M2,,75890.58,,,,,
NCA_HP_SOC30_M2,,75902.28,,,,,
NCA_HP_SOC30_M2,,75913.31999999999,,,,,
NCA_HP_SOC30_M2,,75924.66,,,,,
NCA_HP_SOC30_M2,,75935.45999999999,,,,,
NCA_HP_SOC30_M2,,75945.42,,,,,
NCA_HP_SOC30_M2,,75954.6,,,,,
NCA_HP_SOC30_M2,,75963.59999999999,,,,,
NCA_HP_SOC30_M2,,75973.02,,,,,
NCA_HP_SOC30_M2,,75982.02,,,,,
NCA_HP_SOC30_M2,,75990.48,,,,,
NCA_HP_SOC30_M2,,75998.1,,,,,
NCA_HP_SOC30_M2,,76005.66,,,,,
NCA_HP_SOC30_M2,,76013.22,,,,,
NCA_HP_SOC30_M2,,76020.6,,,,,
NCA_HP_SOC30_M2,,76027.68,,,,,
NCA_HP_SOC30_M2,,76034.34,,,,,
NCA_HP_SOC30_M2,,76041.0,,,,,
NCA_HP_SOC30_M2,,76047.36,,,,,
NCA_HP_SOC30_M2,,76053.12,,,,,
NCA_HP_SOC30_M2,,76058.87999999999,,,,,
NCA_HP_SOC30_M2,,76064.45999999999,,,,,
NCA_HP_SOC30_M2,,76069.5,,,,,
NCA_HP_SOC30_M2,,76074.72,,,,,
NCA_HP_SOC30_M2,,76079.82,,,,,
NCA_HP_SOC30_M2,,76084.86,,,,,
NCA_HP_SOC30_M2,,76089.36,,,,,
NCA_HP_SOC30_M2,,76094.04,,,,,
NCA_HP_SOC30_M2,,76098.36,,,,,
NCA_HP_SOC30_M2,,76102.68,,,,,
NCA_HP_SOC30_M2,,76106.88,,,,,
NCA_HP_SOC30_M2,,76111.02,,,,,
NCA_HP_SOC30_M2,,76114.98000000001,,,,,
NCA_HP_SOC30_M2,,76118.93999999999,,,,,
NCA_HP_SOC30_M2,,76122.72,,,,,
NCA_HP_SOC30_M2,,76126.31999999999,,,,,
NCA_HP_SOC30_M2,,76129.92000000001,,,,,
NCA_HP_SOC30_M2,,76133.34,,,,,
NCA_HP_SOC30_M2,,76136.76,,,,,
NCA_HP_SOC30_M2,,76140.06,,,,,
NCA_HP_SOC30_M2,,76143.12,,,,,
NCA_HP_SOC30_M2,,76146.36,,,,,
NCA_HP_SOC30_M2,,76149.42,,,,,
NCA_HP_SOC30_M2,,76152.48000000001,,,,,
NCA_HP_SOC30_M2,,76155.36,,,,,
NCA_HP_SOC30_M2,,76158.06,,,,,
NCA_HP_SOC30_M2,,76160.81999999999,,,,,
NCA_HP_SOC30_M2,,76163.34,,,,,
NCA_HP_SOC30_M2,,76165.86,,,,,
NCA_HP_SOC30_M2,,76168.2,,,,,
NCA_HP_SOC30_M2,,76170.36,,,,,
NCA_HP_SOC30_M2,,76172.51999999999,,,,,
NCA_HP_SOC30_M2,,76174.68,,,,,
NCA_HP_SOC30_M2,,76176.48,,,,,
NCA_HP_SOC30_M2,,76178.28,,,,,
NCA_HP_SOC30_M2,,76180.07999999999,,,,,
NCA_HP_SOC30_M2,,76181.88,,,,,
NCA_HP_SOC30_M2,,76183.5,,,,,
NCA_HP_SOC30_M2,,76184.94,,,,,
NCA_HP_SOC30_M2,,76186.37999999999,,,,,
NCA_HP_SOC30_M2,,76187.64,,,,,
NCA_HP_SOC30_M2,,76188.90000000001,,,,,
NCA_HP_SOC30_M2,,76190.22,,,,,
NCA_HP_SOC30_M2,,76191.3,,,,,
NCA_HP_SOC30_M2,,76192.56,,,,,
NCA_HP_SOC30_M2,,76193.46,,,,,
NCA_HP_SOC30_M2,,76194.36,,,,,
NCA_HP_SOC30_M2,,76194.72,,,,,
NCA_HP_SOC30_M2,,76195.07999999999,,,,,
NCA_HP_SOC30_M2,,76195.44,,,,,
NCA_HP_SOC30_M2,,76195.62,,,,,
NCA_HP_SOC30_M2,,76195.98,,,,,
NCA_HP_SOC30_M2,,76196.34000000001,,,,,
NCA_HP_SOC30_M2,,76196.7,,,,,
NCA_HP_SOC30_M2,,76196.88,,,,,
NCA_HP_SOC30_M2,,76197.23999999999,,,,,
NCA_HP_SOC30_M2,,76197.6,,,,,
NCA_HP_SOC30_M2,,76197.78,,,,,
NCA_HP_SOC30_M2,,76197.95999999999,,,,,
NCA_HP_SOC30_M2,,76198.14,,,,,
NCA_HP_SOC30_M2,,76198.31999999999,,,,,
NCA_HP_SOC30_M2,,76198.5,,,,,
NCA_HP_SOC30_M2,,76198.68000000001,,,,,
NCA_HP_SOC30_M2,,76198.86,,,,,
NCA_HP_SOC30_M2,,76199.04,,,,,
NCA_HP_SOC30_M2,,76199.22,,,,,
NCA_HP_SOC30_M2,,76199.4,,,,,
NCA_HP_SOC30_M2,,76199.58,,,,,
NCA_HP_SOC30_M2,,76199.76000000001,,,,,
NCA_HP_SOC30_M2,,76199.94,,,,,
NCA_HP_SOC30_M2,,76200.12,,,,,
NCA_HP_SOC30_M2,,76200.3,,,,,
NCA_HP_SOC30_M2,,76200.48,,,,,
NCA_HP_SOC30_M2,,76200.66,,,,,
NCA_HP_SOC30_M2,,76200.84,,,,,
NCA_HP_SOC30_M2,,76201.02,,,,,
NCA_HP_SOC30_M2,,76201.2,,,,,
NCA_HP_SOC30_M2,,76201.37999999999,,,,,
NCA_HP_SOC30_M2,,76201.56,,,,,
NCA_HP_SOC30_M2,,76203.18000000001,,,,,
NCA_HP_SOC30_M2,,76203.36,,,,,
NCA_HP_SOC30_M2,,76203.54,,,,,
NCA_HP_SOC30_M2,,76203.72,,,,,
NCA_HP_SOC30_M2,,76205.34,,,,,
NCA_HP_SOC30_M2,,76205.52,,,,,
NCA_HP_SOC30_M2,,76205.7,,,,,
NCA_HP_SOC30_M2,,76205.88,,,,,
NCA_HP_SOC30_M2,,76206.06000000001,,,,,
NCA_HP_SOC30_M2,,76207.68,,,,,
NCA_HP_SOC30_M2,,76207.86,,,,,
NCA_HP_SOC30_M2,,76208.04000000001,,,,,
NCA_HP_SOC30_M2,,76208.22,,,,,
NCA_HP_SOC30_M2,,76208.40000000001,,,,,
NCA_HP_SOC30_M2,,76209.84,,,,,
NCA_HP_SOC30_M2,,76210.01999999999,,,,,
NCA_HP_SOC30_M2,,76210.20000000001,,,,,
NCA_HP_SOC30_M2,,76210.38,,,,,
NCA_HP_SOC30_M2,,76210.56,,,,,
NCA_HP_SOC30_M2,,76212.18,,,,,
NCA_HP_SOC30_M2,,76212.36,,,,,
NCA_HP_SOC30_M2,,76212.54000000001,,,,,
NCA_HP_SOC30_M2,,76212.72,,,,,
NCA_HP_SOC30_M2,,76212.9,,,,,
NCA_HP_SOC30_M2,,76214.52,,,,,
NCA_HP_SOC30_M2,,76214.88,,,,,
NCA_HP_SOC30_M2,,76215.23999999999,,,,,
NCA_HP_SOC30_M2,,76216.68000000001,,,,,
NCA_HP_SOC30_M2,,76216.86,,,,,
NCA_HP_SOC30_M2,,76217.22,,,,,
NCA_HP_SOC30_M2,,76219.08,,,,,
NCA_HP_SOC30_M2,,76219.26,,,,,
NCA_HP_SOC30_M2,,76219.79999999999,,,,,
NCA_HP_SOC30_M2,,76221.42,,,,,
NCA_HP_SOC30_M2,,76221.59999999999,,,,,
NCA_HP_SOC30_M2,,76223.76,,,,,
NCA_HP_SOC30_M2,,76225.92,,,,,
NCA_HP_SOC30_M2,,76226.09999999999,,,,,
